{"Aberta dos Morros": [-30.1600217, -51.1974857], "Agronomia": [-30.0692668, -51.1492173], "Anchieta": [-29.9805588, -51.1710616], "Arquip\u00e9lago": [-29.9927605, -51.226618], "Auxiliadora": [-30.0200106, -51.1905879], "Azenha": [-30.0507214, -51.2156071], "Bela Vista": [-30.0353173, -51.1903512], "Bel\u00e9m Novo": [-30.2108984, -51.1795653], "Bel\u00e9m Velho": [-30.1155228, -51.1793764], "Boa Vista": [-30.0247805, -51.1745238], "Boa Vista do Sul": [-30.2112207, -51.1326034], "Bom Fim": [-30.0333968, -51.2117199], "Bom Jesus": [-30.0427211, -51.1626625], "Camaqu\u00e3": [-30.1091543, -51.2382261], "Campo Novo": [-30.1345907, -51.1988176], "Cascata": [-30.0878685, -51.1827184], "Cavalhada": [-30.1043906, -51.226694], "Centro": [-30.0325029, -51.2303294], "Chap\u00e9u do Sol": [-30.1802576, -51.1697496], "Ch\u00e1cara das Pedras": [-30.0341341, -51.1624528], "Cidade Baixa": [-30.0402405, -51.2218676], "Coronel Apar\u00edcio Borges": [-30.0690735, -51.1830696], "Costa e Silva": [-30.0116864, -51.1162213], "Cristal": [-30.089507, -51.2394761], "Cristo Redentor": [-30.0147017, -51.1563013], "Esp\u00edrito Santo": [-30.1501099, -51.2211468], "Extrema": [-30.210888, -51.0643844], "Farrapos": [-29.9838739, -51.1955535], "Farroupilha": [-30.0382929, -51.2128457], "Floresta": [-30.0150916, -51.2096662], "Gl\u00f3ria": [-30.0763219, -51.1968056], "Guaruj\u00e1": [-30.1564771, -51.2230755], "Higien\u00f3polis": [-30.013821, -51.1822698], "Humait\u00e1": [-29.9794491, -51.1868816], "H\u00edpica": [-30.1595538, -51.1771961], "Independ\u00eancia": [-30.0278102, -51.2119489], "Ipanema": [-30.1390847, -51.2243699], "Jardim Bot\u00e2nico": [-30.0529737, -51.185073], "Jardim Carvalho": [-30.0540061, -51.1503602], "Jardim Dona Leopoldina": [-30.0185729, -51.1136484], "Jardim Europa": [-30.0245527, -51.158451], "Jardim Floresta": [-30.0015751, -51.1581307], "Jardim Isabel": [-30.1253261, -51.2347633], "Jardim Itu": [-30.0203912, -51.1353903], "Jardim Lind\u00f3ia": [-30.0036186, -51.1503963], "Jardim Sabar\u00e1": [-30.0331026, -51.1451097], "Jardim S\u00e3o Pedro": [-30.0039609, -51.1651561], "Jardim do Salso": [-30.0491206, -51.1693673], "Lageado": [-30.1886644, -51.1340341], "Lami": [-30.2388239, -51.0839564], "Lomba do Pinheiro": [-30.1187746, -51.1041163], "Medianeira": [-30.0653971, -51.2086757], "Menino Deus": [-30.0556966, -51.2239504], "Moinhos de Vento": [-30.0240687, -51.2054232], "Mont'Serrat": [-30.0286874, -51.1905912], "Morro Santana": [-30.0425435, -51.1278025], "M\u00e1rio Quintana": [-30.0357417, -51.1141942], "Navegantes": [-29.9936324, -51.2007684], "Nonoai": [-30.0889866, -51.2146008], "Parque Santa F\u00e9": [-30.0075241, -51.1075858], "Partenon": [-30.0571593, -51.1919188], "Passo D'Areia": [-30.0149148, -51.1672357], "Passo das Pedras": [-30.0177395, -51.1251194], "Pedra Redonda": [-30.1282027, -51.2433838], "Petr\u00f3polis": [-30.0394053, -51.1830208], "Pitinga": [-30.1439009, -51.1018238], "Ponta Grossa": [-30.1772631, -51.1818641], "Praia de Belas": [-30.0447388, -51.2301804], "Restinga": [-30.1521786, -51.1431394], "Rio Branco": [-30.0348295, -51.2006963], "Rubem Berta": [-30.0135604, -51.0963906], "Santa Cec\u00edlia": [-30.0419878, -51.1990486], "Santa Maria Goretti": [-30.0053056, -51.1749165], "Santa Rosa de Lima": [-29.9891144, -51.0997511], "Santa Tereza": [-30.068408, -51.2286963], "Santana": [-30.0488788, -51.2047986], "Santo Ant\u00f4nio": [-30.0600522, -51.203882], "Sarandi": [-29.9985923, -51.124956], "Serraria": [-30.1608985, -51.2240796], "S\u00e3o Caetano": [-30.2052264, -51.1072376], "S\u00e3o Geraldo": [-30.0074839, -51.2049258], "S\u00e3o Jo\u00e3o": [-30.0049184, -51.1873761], "S\u00e3o Sebasti\u00e3o": [-30.004839, -51.1438206], "S\u00e9timo C\u00e9u": [-30.1194734, -51.2515105], "Teres\u00f3polis": [-30.0827456, -51.2090161], "Tristeza": [-30.1103175, -51.2566695], "Tr\u00eas Figueiras": [-30.0321985, -51.1731026], "Vila Assun\u00e7\u00e3o": [-30.1000034, -51.2571485], "Vila Concei\u00e7\u00e3o": [-30.1205656, -51.2570951], "Vila Ipiranga": [-30.0205338, -51.1483114], "Vila Jardim": [-30.0351767, -51.1532834], "Vila Jo\u00e3o Pessoa": [-30.0653752, -51.1761648], "Vila Nova": [-30.116003, -51.207517], "Vila S\u00e3o Jos\u00e9": [-30.0680565, -51.1663111]}